qid,docno,label
agri,0A1W.L,5
agri,0IK3.L,5
agri,0JQQ.L,5
agri,0R2P.L,5
agri,2X0.F,5
agri,ABF.L,5
agri,ACA,2.5
agri,ADM,5
agri,ADM.F,5
agri,AFO1.F,5
agri,AFO2.F,5
agri,AFRI,5
agri,AGM,2
agri,AGRI,5
agri,AGRIW,5
agri,ALEX,2.5
agri,ALG,4
agri,AMSF,2
agri,ANDE,5
agri,APPH,5
agri,ARTW,4
agri,ASBFF,5
agri,ASBFY,5
agri,ATLO,3
agri,AXAC,3
agri,BAS.F,5
agri,BASA.F,5
agri,BASFY,5
agri,BFFAF,5
agri,BSRR,2.5
agri,CDZI,5
agri,CDZIP,5
agri,CGA,5
agri,CHSCN,5
agri,CHSCO,5
agri,CKX,1
agri,CLIN,2
agri,CLINR,2
agri,CLXT,5
agri,CNHI,3
agri,CRESY,5
agri,CTVA,5
agri,CVI,5
agri,CZWI,2
agri,DCO.F,4
agri,DCRD,2
agri,DCRDU,2
agri,DE,4
agri,DNA,4.5
agri,DPRO,3
agri,EDBL,5
agri,EMLD,2
agri,EMLDU,2
agri,EVGN,4.5
agri,FATP,2.5
agri,FIBK,2.5
agri,FMBH,2.5
agri,FMC,5
agri,FMQ.F,5
agri,FSI,4.5
agri,GABC,2.5
agri,GGB,1
agri,GLEE,2
agri,GRNA,4
agri,HLIO,3.5
agri,HWKN,5
agri,KPLUF,5
agri,KPLUY,5
agri,LKFN,2
agri,LND,5
agri,MEC,1
agri,MLM,4.5
agri,MLP,2
agri,MMX.F,5
agri,NISN,1
agri,ORGN,1
agri,PL,2
agri,PW,3
agri,QOMOU,3
agri,SANW,5
agri,SATL,1
agri,SCLE,3
agri,SCLEU,3
agri,SDF.F,5
agri,SDF1.F,5
agri,SISI,5
agri,SPH,5
agri,SUNW,3
agri,TANH,3.5
agri,TITN,3.5
agri,TPBA,3.5
agri,TPBAU,3.5
agri,TRN,2
agri,TWI,3
agri,UAN,5
agri,VMI,3
agri,WNW,4.5
agri,XXII,3
agri,YTEN,5
agri,ZY,3
bod,0NZT.L,5
bod,0QCV.L,5
bod,4AB.F,5
bod,ABBV,5
bod,ACRS,3
bod,AERI,5
bod,AFX.F,5
bod,AFXA.F,5
bod,AGE,3
bod,ALBO,3
bod,ALEC,3
bod,ALIM,5
bod,ALLK,3
bod,ALNY,5
bod,AMRX,3
bod,ANGN,3
bod,ANIK,5
bod,ANNX,5
bod,ANTX,3
bod,ANVS,3
bod,APLS,3
bod,ATHE,3
bod,AVRO,2
bod,AVTX,3
bod,AVXL,3
bod,BCLI,2
bod,BEAM,2
bod,BHC,5
bod,BLCO,5
bod,BPTS,3
bod,CDAK,3
bod,CGTX,2
bod,CINC,2
bod,CRBP,3
bod,CWBR,2.5
bod,CYTH,2.5
bod,CZMWF,5
bod,CZMWY,5
bod,DMAC,2.5
bod,DSGN,2.5
bod,DYN,2
bod,EHAB,5
bod,ENZ,3
bod,ETON,2.5
bod,EVLO,2
bod,EVO,2.5
bod,EVOTF,2.5
bod,EVT.F,2.5
bod,EVTA.F,2.5
bod,EYEN,5
bod,EYPT,5
bod,FOLD,2
bod,FULC,3
bod,GANX,2
bod,GBIO,5
bod,GHSI,5
bod,GKOS,5
bod,GLTO,2
bod,GLUE,2
bod,GRPH,2
bod,GRRMF,5
bod,GXI.F,5
bod,HCWB,2
bod,HROW,5
bod,IFRX,2
bod,IMUX,2
bod,INSM,2
bod,INZY,2
bod,IONS,5
bod,IRIX,5
bod,IVA,2
bod,JNJ,5
bod,JNJ.F,5
bod,KDNY,2
bod,KPRX,5
bod,LCI,3
bod,LGND,2
bod,LIXT,2
bod,LNDC,5
bod,LRMR,2
bod,MGTX,3
bod,MIRM,2
bod,NBSE,2
bod,NRBO,2
bod,NRSN,2
bod,OCUL,5
bod,OCUP,5
bod,OPK,5
bod,OTLK,5
bod,OYST,5
bod,PMN,2
bod,PROC,5
bod,PROK,5
bod,PRTA,3
bod,PRTG,5
bod,PTN,5
bod,PVH,1
bod,QNRX,1.5
bod,QURE,2
bod,RETA,5
bod,RGLS,2
bod,RLYB,5
bod,RNA,2
bod,RVLP,5
bod,RVPH,2
bod,SANA,2
bod,SNPX,2
bod,STAA,5
bod,SWAV,2
bod,TARS,5
bod,TNXP,2
bod,UBX,5
bod,UCBJF,2
bod,UCBJY,2
bod,UNC.F,2
bod,UNC0.F,2
bod,UNCY,2
bod,VCNX,2
bod,VIGL,2
bod,VTYX,2
bod,VYNT,2
bod,YMTX,2
bpc,0A8R.L,4
bpc,0M2N.L,5
bpc,0NZY.L,5
bpc,0Q1G.L,5
bpc,ABVC,5
bpc,ACHL,5
bpc,ADAP,3
bpc,AIKI,5
bpc,AIM,5
bpc,ALLR,5
bpc,ALXO,5
bpc,AMAM,5
bpc,ANIX,5
bpc,APVO,2.5
bpc,ARAY,3.5
bpc,ARTL,5
bpc,ARVN,5
bpc,ATNX,4.5
bpc,ATOS,5
bpc,BCAB,3.5
bpc,BCTX,5
bpc,BGNE,5
bpc,BIOC,5
bpc,BIVI,4.5
bpc,BNR,4.5
bpc,BNTX,5
bpc,CADL,4.5
bpc,CELC,4.5
bpc,CLVS,4.5
bpc,CRDF,4.5
bpc,CTMX,2
bpc,DRTS,4.5
bpc,EDAP,4.5
bpc,EGRX,4.5
bpc,EPIX,4.5
bpc,EQRX,4
bpc,ERYP,2
bpc,EUZ.F,4.5
bpc,EXAS,5
bpc,FBIO,4.3
bpc,FBIOP,4.5
bpc,FMTX,2
bpc,GENE,5
bpc,GLSI,4.5
bpc,GLUE,4.5
bpc,GRCL,4.5
bpc,GRTS,2.5
bpc,GTH,2.1
bpc,GTHX,4
bpc,HCM,2
bpc,HCWB,5
bpc,HO1.F,4.5
bpc,HOLX,4.5
bpc,HOOK,4.5
bpc,ICAD,5
bpc,IMAB,3
bpc,IMCR,4
bpc,IMMP,3
bpc,IMTX,2.5
bpc,IMV,4.5
bpc,INFI,4.4
bpc,INO,4.5
bpc,ISR,4.5
bpc,JANX,3.5
bpc,JNJ,5
bpc,JNJ.F,5
bpc,KTRA,4.5
bpc,LLY,4.5
bpc,LLY.F,4.5
bpc,LNTH,4.5
bpc,LPTX,4.5
bpc,LTRN,4.5
bpc,LVTX,4.5
bpc,LYEL,4.5
bpc,MBIO,4.5
bpc,MDXH,4.5
bpc,MNPR,3
bpc,MRKR,4.6
bpc,MRUS,4.5
bpc,MYGN,5
bpc,NBTX,4.5
bpc,NCNA,3
bpc,NKTR,3
bpc,NUVB,4
bpc,NVCR,3
bpc,NYMX,4.5
bpc,OFK.F,5
bpc,OFK0.F,5
bpc,OLMA,4.5
bpc,ONCT,3
bpc,ONCY,4.5
bpc,ORIC,4.5
bpc,ORINF,5
bpc,ORINY,5
bpc,PBLA,3
bpc,PBYI,2
bpc,PCSA,2.5
bpc,PDSB,5
bpc,PNT,4.5
bpc,PSTX,5
bpc,PYXS,4.5
bpc,RAIN,5
bpc,RDNT,2
bpc,SBFM,5
bpc,SBFMW,5
bpc,SGEN,4.5
bpc,SGT.F,4.5
bpc,SIEN,3.5
bpc,SLS,4.5
bpc,THTX,3.5
bpc,URGN,3.5
bpc,VACC,2
bpc,VCYT,4.5
bpc,VERU,5
bpc,XNCR,4.5
bpc,ZLAB,4.5
bpc,ZYME,4
cmd,0A8R.L,2
cmd,0M2N.L,2
cmd,0QK8.L,2
cmd,0QNO.L,2
cmd,ABSI,3
cmd,ACAD,4
cmd,ACIU,3
cmd,ADXN,3
cmd,AIKI,3
cmd,AIM,3.5
cmd,ALGS,3
cmd,AMAM,1
cmd,ANVS,2
cmd,APM,2
cmd,ATHA,2
cmd,AYLA,3
cmd,BAX,3
cmd,BBIO,3
cmd,BGNE,3
cmd,BIMI,3
cmd,BNOX,3
cmd,BPTS,3
cmd,BTL.F,3
cmd,BYSI,3
cmd,CALA,3.5
cmd,CANF,3
cmd,CLVR,3
cmd,CLVRW,3
cmd,CNCE,3
cmd,CRBP,3.5
cmd,CRIS,3.5
cmd,CRON,4.9
cmd,CTMX,3
cmd,CYT,3
cmd,CYTH,3
cmd,CYTK,3
cmd,DICE,3.4
cmd,EFTR,3.4
cmd,ENTA,4
cmd,ENVB,5
cmd,EWTX,3
cmd,EXAI,4
cmd,FHTX,3.5
cmd,FULC,3.5
cmd,GOSS,4
cmd,GTHX,4
cmd,HALO,3.5
cmd,HOWL,4
cmd,IFRX,3
cmd,IGC,5
cmd,IKNA,4
cmd,INM,5
cmd,IXHL,5
cmd,KALV,4
cmd,KNTE,4
cmd,KURA,4
cmd,KZIA,4
cmd,LABP,2.5
cmd,LEXX,5
cmd,LMNL,4
cmd,LTRN,4
cmd,LXRX,3.5
cmd,LZAGF,3.5
cmd,LZAGY,3.5
cmd,MGNX,4
cmd,MGTA,4
cmd,MTP,3.5
cmd,MYMD,5
cmd,NEOG,2.5
cmd,NUVB,3.5
cmd,NVCT,3.5
cmd,OFK0.F,3.5
cmd,OMER,4
cmd,OPNT,4.8
cmd,OVID,3
cmd,PLRX,4
cmd,PMD,2
cmd,PMVP,3.5
cmd,PPBT,3.5
cmd,PULM,3.5
cmd,QLGN,3.5
cmd,QNCX,3.5
cmd,QSI,3.5
cmd,RAPT,3.5
cmd,REUN,3
cmd,RIGL,3.5
cmd,RLAY,4
cmd,RLYB,3.5
cmd,SAVA,4
cmd,SCPS,5
cmd,SDGR,3.5
cmd,SGEN,3.5
cmd,SGT.F,3.5
cmd,SLN,3
cmd,SPPI,2
cmd,SPRC,5
cmd,SQL,2
cmd,SWTX,4
cmd,TERN,4
cmd,TLSA,3
cmd,TNGX,3.5
cmd,TNXP,4
cmd,VFF,1
cmd,VINC,3.5
cmd,VLNS,5
cmd,VNDA,4
cmd,VRPX,3.5
cmd,VSTM,4
cmd,VYNT,3.5
cmd,WPS.F,1
cmd,WST,1
cmd,WVE,3
cmd,XXII,5
cmd,YCBD,5
cmd,ZYNE,5
consult,0AA3.L,5
consult,0DPM.L,2
consult,0HA9.L,5
consult,0ITL.L,5
consult,0ITV.L,3.5
consult,0JOI.L,5
consult,0KG0.L,5
consult,0KX9.L,5
consult,0N5I.L,4.8
consult,0O1S.L,4.9
consult,0Y0Y.L,5
consult,0Y4Q.L,4.8
consult,ACM,4.9
consult,ACN,5
consult,ADN1.F,4.8
consult,AJG,5
consult,AMSWA,5
consult,AN3.F,4.9
consult,ASGN,5
consult,BAH,5
consult,BBAI,4.8
consult,BC8.F,4.7
consult,BC8A.F,4.7
consult,BECTY,4.7
consult,BHTLF,4.7
consult,BWMN,4.8
consult,CAP.F,5
consult,CBZ,5
consult,CISO,5
consult,CLEU,4
consult,CLPS,4.7
consult,CRAI,4.9
consult,CSA.F,4.8
consult,EBIX,4.4
consult,ENL.F,2
consult,ENLA.F,2
consult,ENV,5
consult,ERFSF,4.8
consult,ESF0.F,4.8
consult,ESGR,5
consult,ESGRO,5
consult,ESGRP,5
consult,FC,5
consult,FCN,4.8
consult,FEDU,3
consult,FORR,4.4
consult,GAH.F,5
consult,GDYN,4.8
consult,GGRA.F,4.5
consult,GIB,4.8
consult,HIL,4.9
consult,HSII,4.9
consult,HUIZ,5
consult,HURN,5
consult,IBM,4.8
consult,IBM.F,4.8
consult,IBM.L,4.8
consult,IBM0.F,4.8
consult,IDA.F,4.9
consult,IDA0.F,4.9
consult,ISMAF,4.9
consult,ISMAY,4.9
consult,IT,5
consult,J,4.9
consult,KFY,5
consult,MDJH,4.8
consult,MEG,4.9
consult,MHM.L,5
consult,MMC,5
consult,MMI,4.8
consult,MSN.F,4.9
consult,NA9.F,4
consult,NCRA,3.5
consult,NGRRF,4.8
consult,NVEE,4.8
consult,OR8.F,5
consult,OTEX,4.8
consult,PCYG,5
consult,PRFT,5
consult,RBT,5
consult,RCRT,5
consult,RHI,4.9
consult,RHJ.F,4.9
consult,RILY,4.9
consult,RILYL,4.9
consult,RILYP,4.9
consult,SII,5
consult,SPSAF,5
consult,SSNT,5
consult,STIX,5
consult,STN,5
consult,SYNH,4.8
consult,TAL,4.6
consult,TTEB.F,5
consult,TTEK,3
consult,WFCF,4.9
consult,WLDN,5
consult,WTW,4.85
consult,WTY.F,4.85
consult,XIN,4.8
spca,0A7N.L,3.5
spca,0J51.L,2
spca,0KXM.L,2.5
spca,1KT.F,3.5
spca,2HP.F,2
spca,ACIW,3
spca,ACRO,1
spca,ADTN,2
spca,AFT,2
spca,AIF,2
spca,AKYA,1
spca,ALKT,2
spca,ALTR,2
spca,AMEH,1
spca,AMSWA,2
spca,APEN,1
spca,APGB,1
spca,API,2
spca,APO,1
spca,APP,1
spca,APPN,1
spca,ARI,1
spca,ARQQ,5
spca,AUUDW,1
spca,AVPT,1
spca,AWRE,2
spca,BABA,1.5
spca,BCAN,1
spca,BIGC,1
spca,BLBX,1
spca,BRQS,1
spca,CALX,1.5
spca,CERT,1
spca,CEVA,4.5
spca,CIEN,2
spca,COUP,1
spca,CVT,1.2
spca,DLO,2
spca,DM,1
spca,DOCN,1
spca,DPSI,1
spca,DSP,1
spca,DT,2
spca,EGAN,1
spca,EPAM,1.2
spca,ESMT,1
spca,ETWO,1
spca,EXFY,1
spca,FLYW,1.5
spca,FORTY,1
spca,FROG,1
spca,GTLB,1
spca,HCTI,1.5
spca,HPE,1.5
spca,HUYA,1
spca,IBM,1.2
spca,IBM.F,1.2
spca,IBM.L,1.2
spca,IBM0.F,1.2
spca,INFN,1.2
spca,INLX,1
spca,INPX,2
spca,IVDA,1
spca,JAMF,1.2
spca,KBNT,1
spca,KERN,1
spca,KEYS,5
spca,KSPN,1
spca,MARK,1
spca,MFH,3
spca,MGIC,1
spca,MKTW,1
spca,MLNK,1.2
spca,MRIN,1
spca,MTEK,5
spca,MTEKW,5
spca,NABL,3
spca,NATI,2
spca,NAUT,1
spca,NEWR,1
spca,NVD.F,2
spca,NVDA,2
spca,NVDG.F,2
spca,ONDS,3.5
spca,PD,1
spca,PEGA,2
spca,PERI,1.2
spca,PI,2.5
spca,PLTR,1
spca,PMTA.F,1
spca,PRGS,2
spca,PTC,1
spca,QUIK,1.2
spca,RENN,1
spca,ROP,1.2
spca,ROP.F,1.2
spca,SASI,4.5
spca,SBIG,1
spca,SDGR,2
spca,SEMR,1
spca,SMSI,1
spca,SOPA,1
spca,SOPH,1
spca,SOW.F,1.3
spca,SOWA.F,1.3
spca,STWRY,1.3
spca,SWDAF,1.3
spca,TWLO,1
spca,U,1
spca,VHC,4.5
spca,VLD,4.5
spca,VLDR,3
spca,VMEO,1
spca,VRAR,2.5
spca,VS,1
spca,VTEX,1
spca,WEJO,1.5
spca,WKME,1
spca,ZEN,1
dseg,0A0Y.L,5
dseg,0A78.L,2
dseg,0IFX.L,3.5
dseg,0J3K.L,3.5
dseg,0JWC.L,2
dseg,6GI.F,2.5
dseg,6GI0.F,2.5
dseg,ACDI,5
dseg,ACEL,2
dseg,AESE,4
dseg,AGS,2.5
dseg,AIY.F,5
dseg,ANTE,1
dseg,ASO,3.1
dseg,ATVI,5
dseg,BALY,2
dseg,BPAC,3.5
dseg,BRAG,3.5
dseg,BZFD,5
dseg,CHDN,4.5
dseg,CSSE,5
dseg,CSSEP,5
dseg,CZR,2.5
dseg,DKNG,5
dseg,DKS,5
dseg,DLB,4
dseg,DLPN,5
dseg,EA,3.5
dseg,EBET,2
dseg,EDR,5
dseg,EGLX,5
dseg,ELYS,2.5
dseg,ENT.L,2.5
dseg,ERT.F,5
dseg,ESCA,3
dseg,EVRI,2.5
dseg,FENG,4.5
dseg,FLTR.L,2.5
dseg,FO5B.F,5
dseg,FOX,5
dseg,FOXA,5
dseg,FSE.F,5
dseg,GAME,4.5
dseg,GAN,2
dseg,GDEN,2.5
dseg,GEEX,5
dseg,GEEXU,5
dseg,GENI,5
dseg,GIGM,3
dseg,GME,2.5
dseg,GMGI,2.5
dseg,GMVHF,3
dseg,GMVHY,3
dseg,GSMG,5
dseg,GSMGW,5
dseg,HAS,4.5
dseg,HAS.F,4.5
dseg,HEAR,3
dseg,HOFV,5
dseg,IGT,2.5
dseg,IGTA,5
dseg,IGTAU,5
dseg,INSE,2.5
dseg,LNW,2.5
dseg,MGG.F,2.5
dseg,MGM,2.5
dseg,MLCO,2.5
dseg,MSGM,2.6
dseg,NEGG,2.7
dseg,NFC.F,5
dseg,NFC1.F,5
dseg,NFLX,5
dseg,NKE,5
dseg,NXTP,3
dseg,PARA,5
dseg,PARAA,5
dseg,PARAP,5
dseg,PDYPY,3.5
dseg,PENN,4
dseg,PLAY,2.5
dseg,PLBY,1.5
dseg,PONO,4
dseg,PONOU,4
dseg,PPB.F,3.5
dseg,PPBA.F,3.5
dseg,PTWO,4.5
dseg,PTWOU,4.5
dseg,PTWOW,4.5
dseg,PWUP,4.8
dseg,PWUPU,4.8
dseg,PWUPW,4.8
dseg,REVE,2
dseg,RSI,2
dseg,SBET,2.5
dseg,SBGI,5
dseg,SCPL,3.5
dseg,SCUA,5
dseg,SE,3.5
dseg,SGHC,2.5
dseg,SLGG,3
dseg,SONY,3
dseg,SRAD,4
dseg,TEKK,4
dseg,TEKKU,4
dseg,TKE.F,3
dseg,TLK,3
dseg,TRKA,3
dseg,TSQ,4
dseg,TTWO,2.5
dseg,UTAA,4
dseg,VICI,1
dseg,VS,5
dseg,WBD,5
dseg,WISA,1
dseg,WWE,1
efiw,013A.F,4
efiw,013C.F,4
efiw,0HAT.L,4.5
efiw,0HQ3.L,4.3
efiw,0HQW.L,4
efiw,0JS2.L,4.3
efiw,0KEZ.L,4.3
efiw,0L4F.L,2
efiw,0LC6.L,3.5
efiw,0O79.L,4.3
efiw,485B.F,4.3
efiw,9PDA.F,4.3
efiw,ACXIF,4.5
efiw,AGFS,4.3
efiw,AHG,5
efiw,AJ3.F,4.5
efiw,AKYA,1
efiw,ALCO,3
efiw,AM,2
efiw,AMBP,3.7
efiw,AMCCF,4.8
efiw,AMCR,4.8
efiw,APRN,5
efiw,BDL,4.8
efiw,BF-B,4.8
efiw,BF5A.F,4.8
efiw,BF5B.F,4.8
efiw,BFI,4
efiw,BHIL,4.5
efiw,BLMN,3
efiw,BSFC,1
efiw,BTB,3.5
efiw,CAR.F,4.8
efiw,CAR1.F,4.8
efiw,CASY,4.7
efiw,CB1A.F,4
efiw,CCU,4.1
efiw,CH1A.F,4.1
efiw,CHRW,4.1
efiw,CPNG,5
efiw,CRERF,5
efiw,CRRFY,5
efiw,CVGW,2
efiw,DDL,5
efiw,DEO,5
efiw,DGE.L,4
efiw,DGEAF,4
efiw,DNUT,5
efiw,DOLE,4.5
efiw,ETRN,4
efiw,FDP,3
efiw,FLO,3.5
efiw,FLWS,5
efiw,FRGI,1
efiw,FRPT,3
efiw,FRTX,1
efiw,FWRG,1.5
efiw,GO,4
efiw,GUI.F,4.1
efiw,GUIA.F,4.1
efiw,HFFG,3.5
efiw,JD,4.1
efiw,JDCMF,4.1
efiw,KOG.F,5
efiw,KR,5
efiw,LAND,4.1
efiw,LANDM,4.1
efiw,LANDO,4.1
efiw,LMNR,4.1
efiw,LNDC,4
efiw,LOCL,3
efiw,LVMHF,4.5
efiw,LWAY,3
efiw,MF,4
efiw,MOH.F,4.5
efiw,MSN,5
efiw,MSRB.F,4
efiw,MTSAF,4
efiw,NAPA,4.1
efiw,OI,4.1
efiw,OLG.F,4.5
efiw,OZON,5
efiw,PCYG,3.5
efiw,PDD,5
efiw,PDRDF,4.5
efiw,PER.F,4.5
efiw,PER0.F,4.5
efiw,PKA.F,2
efiw,PKG,2
efiw,PPC,2
efiw,PRGO,1.5
efiw,PRNDY,4.5
efiw,PSMT,5
efiw,PTVE,4
efiw,QH,1
efiw,QSR,1
efiw,RRGB,1
efiw,SBEV,2
efiw,SBUX,1.2
efiw,SDA.F,1
efiw,SEE,1
efiw,SFM,5
efiw,SHAK,1
efiw,SRB.F,1
efiw,STZ,5
efiw,STZ/B,5
efiw,SVFD,4.5
efiw,SYY,5
efiw,SYY.F,5
efiw,USFD,1.2
efiw,VFF,4
efiw,VINE,4.5
efiw,VWE,4.5
efiw,VWEWW,4.5
efiw,WBEV,4.5
efiw,WMK,4
efiw,WVVI,4.5
efiw,WVVIP,4.5
efiw,YETI,1
efiw,YJ,4.5
efiw,ZEST,4
dees,0A9Y.L,5
dees,0HCT.L,5
dees,0HIT.L,5
dees,0HR4.L,5
dees,0I35.L,5
dees,0I6Q.L,5
dees,0IC9.L,5
dees,0ID1.L,5
dees,0IJ2.L,5
dees,0IJN.L,5
dees,0K80.L,5
dees,0L5A.L,5
dees,0LD0.L,5
dees,0LSL.L,5
dees,0M1R.L,5
dees,0MV2.L,1
dees,0N9G.L,5
dees,0NWF.L,4.5
dees,0QTF.L,4
dees,0R23.L,3
dees,0SEA.L,3.5
dees,472.F,4
dees,AEO.F,5
dees,AGR,5
dees,AIL.F,3.5
dees,AILA.F,3.5
dees,AIQUF,3.5
dees,AIQUY,3.5
dees,AMRC,4
dees,ANGI,3
dees,AQN,5
dees,AQNU,5
dees,ARMK,1
dees,ATO,5
dees,AY1.F,5
dees,AZRE,3
dees,BYNN.F,5
dees,CEG,3
dees,CELH,1
dees,CGRN,3
dees,CHSCL,5
dees,CHSCM,5
dees,CHSCN,5
dees,CHSCO,5
dees,CHSCP,5
dees,CIG,5
dees,CLLNY,1
dees,CLNXF,1
dees,CLSK,3
dees,CLWT,2
dees,CMS,5
dees,CMS-PB,5
dees,CPK,5
dees,CSG.F,5
dees,D,5
dees,D2MN.F,5
dees,DGY.F,5
dees,DOD.F,5
dees,DTE,5
dees,DUK,5
dees,ED,5
dees,EDC.F,5
dees,EE,5
dees,ELEZF,5
dees,ELEZY,5
dees,EME,2.5
dees,ENA.F,5
dees,ENAA.F,5
dees,ENAKF,5
dees,ENB,5
dees,ENGIY,5
dees,ENR.F,4.5
dees,ENR0.F,4.5
dees,EOAA.F,5
dees,EOAN.F,5
dees,EONGY,5
dees,ES,5
dees,EXC,4.5
dees,FEN,3
dees,FET,3.5
dees,FP3.F,5
dees,FRTAY,1
dees,FTK,1.5
dees,G,1
dees,GAN.F,5
dees,GANA.F,5
dees,GASNF,5
dees,GASNY,5
dees,GNE,5
dees,GPRE,4
dees,GZF.F,3
dees,GZFB.F,3
dees,HAL,2.5
dees,HAL.F,2.5
dees,HASI,2.5
dees,HYDR.ME,3.5
dees,IBDRY,5
dees,IBE1.F,5
dees,IBE5.F,5
dees,KLXE,3
dees,LNT,5
dees,M6P.F,3
dees,MDU,5
dees,MGEE,5
dees,MPHYF,3
dees,MTZ,3.5
dees,NEE,5
dees,NESR,3.5
dees,NJR,5
dees,NRA.F,5
dees,NRG,5
dees,NRN.F,5
dees,NWJ.F,5
dees,OESX,4
dees,OGE,5
dees,OIG,4
dees,PEG,5
dees,PEO.F,5
dees,PNM,5
dees,PPSI,5
dees,PRIM,4
dees,PSE.F,5
dees,PTNR,1
dees,RBSFY,4.5
dees,RGCO,5
dees,RNGR,3.5
dees,RNW,5
dees,RUBSF,5
dees,SCT.F,5
dees,SCTA.F,5
dees,SE4.F,5
dees,SIFY,1
dees,SMEGF,5
dees,SMNEY,5
dees,SRE,5
dees,SSE.L,5
dees,SSEZY,5
dees,SWX,5
dees,TCX,1
dees,TSAT,1
dees,TUSK,4
dees,VIA,5
dees,VIASP,5
dees,VTAGY,1
dees,VTWR.F,1
dees,VTWRF,1
dees,VVPR,5
dees,WEC,5
dees,WIC.F,5
dees,XEL,5
dees,ZT,5
dees,ZTAQU,5
gdo,0H6G.L,1
gdo,0HF3.L,4
gdo,0ID1.L,1
gdo,0J1R.L,4
gdo,0JZU.L,5
gdo,0K9E.L,3.5
gdo,0LIY.L,1
gdo,0LJL.L,4
gdo,0QF.F,4
gdo,0QK8.L,5
gdo,0QLR.L,4
gdo,0RC6.L,5
gdo,2BH.F,4
gdo,ABC,5
gdo,ABG.F,5
gdo,AES,1
gdo,AES.F,1
gdo,AESC,1
gdo,AGEN,5
gdo,AKU,4
gdo,ALLR,4
gdo,ALXO,4
gdo,AMAM,4
gdo,ANIP,5
gdo,APTO,4
gdo,AURA,4
gdo,BAX,5
gdo,BCTX,4
gdo,BCYC,4
gdo,BLRX,4
gdo,BTL.F,5
gdo,BTX,5
gdo,CALA,4
gdo,CDAK,5
gdo,CGEM,4.5
gdo,CGEN,4
gdo,CKPT,4
gdo,CLVS,4
gdo,CMRA,4
gdo,CRDF,4
gdo,CREG,1
gdo,CRIS,4
gdo,CRMD,4
gdo,CSBR,4
gdo,CYAD,5
gdo,CYT,4
gdo,D2MN.F,1
gdo,DRTS,4
gdo,DUK,1
gdo,ELEV,4
gdo,FHTX,5
gdo,FRE.F,5
gdo,FREA.F,5
gdo,FSNUF,5
gdo,FSNUY,5
gdo,FTS,1
gdo,G84.F,1
gdo,GBIO,5
gdo,GLAXF,4
gdo,GNRC,1
gdo,GS70.F,4
gdo,GS71.F,4
gdo,GSK,4
gdo,GSK.L,4
gdo,HCA,4
gdo,HTGM,5
gdo,IKNA,4
gdo,IMNM,4
gdo,IMRX,4
gdo,INDP,4
gdo,INFU,4
gdo,IPHA,4
gdo,ITGR,4
gdo,KEP,1
gdo,KURA,4
gdo,KZIA,4
gdo,LGEN.L,3
gdo,LGGNF,3
gdo,LGGNY,3
gdo,LGI.F,3
gdo,MCK,4
gdo,MCK.F,4
gdo,MLAB,3
gdo,MRNA,4
gdo,NOT.F,3.5
gdo,NOTA.F,3.5
gdo,NVCT,4
gdo,NVS,3.5
gdo,NVSEF,3.5
gdo,NVTA,5
gdo,OMER,4
gdo,PAM,1
gdo,PEAR,4
gdo,PHMMF,5
gdo,PIRS,4
gdo,PKI,5
gdo,PKN.F,4.5
gdo,PMRA.F,5
gdo,POAI,5
gdo,PYXS,4
gdo,RAPT,4
gdo,RDY,4
gdo,RHHBY,4
gdo,RHO6.F,4
gdo,ROIV,3
gdo,SGRY,3
gdo,SQZ,4
gdo,SURF,4
gdo,TCRT,4
gdo,TEVA,3
gdo,TOI,4
gdo,TOIIW,4
gdo,UHID,4
gdo,UHS,4
gdo,UHS.F,4
gdo,UR3.F,1
gdo,URI,1
gdo,VIA.F,4
gdo,VIRX,4
gdo,VREX,2
gdo,VTRS,4
iu,0AA3.L,3
iu,0DNH.L,5
iu,0HEC.L,4
iu,0HMZ.L,4
iu,0HYE.L,4
iu,0IJ2.L,3.5
iu,0JV3.L,4
iu,0KO5.L,4
iu,0KOC.L,4.5
iu,0N5I.L,1
iu,0OAL.L,5
iu,0R03.L,5
iu,0VQD.L,5
iu,2NN.F,3.5
iu,ACGL,5
iu,ACGLN,5
iu,ACGLO,5
iu,ADN1.F,1
iu,AEP,3
iu,AEP.F,3
iu,AEPPZ,3
iu,AEX.F,5
iu,AEXAF,1
iu,AEXAY,1
iu,AFG,4.5
iu,AGM,5
iu,AGO,5
iu,AIG,4
iu,AINN.F,4
iu,AQN,3
iu,AQNU,3
iu,ARGO,4
iu,AXI.F,1
iu,AXI0.F,1
iu,AXS,5
iu,BKH,3
iu,BRO,4.5
iu,BTW.F,4.5
iu,BUI,5
iu,CB,5
iu,CCJ.F,4
iu,CEV,5
iu,CIA,3.5
iu,CINF,4
iu,CNFR,4
iu,CRVL,3
iu,DNP,5
iu,DPG,4
iu,DTF,4
iu,EHTH,3
iu,EIM,4
iu,ERH,4
iu,ES,3
iu,EVM,2
iu,EXLS,1
iu,FANH,3
iu,FT,4
iu,GIB,1
iu,GLPI,5
iu,GLU,3
iu,GNW,3
iu,GUT,4
iu,HALL,3.5
iu,INFY,1
iu,JFU,3
iu,JPI,2
iu,KMPR,3.5
iu,LCO.F,3
iu,LNC,3.5
iu,MBI,4
iu,MFD,4
iu,MURGY,4
iu,MUV2.F,4
iu,NA9.F,1
iu,NGRRF,1
iu,NN.AS,4
iu,NNGPF,4
iu,NNGRY,4
iu,NWJ.F,3
iu,OR8.F,3
iu,ORI,4
iu,PA9.F,5
iu,PAY,1
iu,PFG,4
iu,PG4.F,4
iu,PGR,4
iu,PGV.F,4
iu,QTEK,3.5
iu,SAFT,4
iu,SCT.F,3
iu,SCTA.F,3
iu,SCWX,1
iu,SPSAF,1
iu,SSE.L,3
iu,SSEZY,3
iu,TIRX,4
iu,TL0.F,2
iu,TRV,5
iu,TSLA,2
iu,UNAM,4
iu,UTG,4
iu,WIT,1
iu,WR1.F,5
iu,WRB,5
iu,WTM,5
iu,WTRG,3
bba,0A9O.L,4
bba,0BNS.L,3
bba,0IC8.L,3
bba,0JS2.L,3
bba,0KUT.L,2
bba,0LD8.L,3
bba,0OC.F,3
bba,0OC1.F,3
bba,0R0G.L,2
bba,0UMG.L,1
bba,ADV,4
bba,ARKO,1
bba,ARKOW,1
bba,AVAL,1
bba,BIG,4
bba,BKE,4
bba,BME.L,3
bba,BMRPF,3
bba,BMRRY,3
bba,BOXD,4
bba,BRLT,3
bba,BTRS,1
bba,CASS,4
bba,CG,1
bba,CR,4
bba,CSV,1
bba,DBD,2
bba,DDS,2
bba,DIT,2
bba,DLTR,3
bba,DT3.F,3
bba,DYH.F,4
bba,EEX,4
bba,EGLX,1
bba,EIA.F,1
bba,ELMUF,1
bba,ELMUY,1
bba,EZPW,1
bba,FAZE,4
bba,FAZEW,4
bba,FCFS,3
bba,FL,3
bba,FRGT,2
bba,GAN,3
bba,GBTG,3
bba,GCT,5
bba,GO,3.1
bba,HHS,4
bba,I2X2.F,1
bba,IAE,1
bba,ICGUF,1
bba,ICP.L,1
bba,IGQ.F,1
bba,IGQ5.F,1
bba,III.L,1
bba,INFA,1
bba,ISIG,3.5
bba,JSAIY,4
bba,JSNSF,4
bba,KEK.F,4
bba,KKOYF,4
bba,KKOYY,4
bba,KKR,1
bba,KOG.F,4
bba,KR,4
bba,KTF.F,3
bba,LKCO,1
bba,LQDT,3
bba,MCAA,3
bba,MCX.F,3
bba,MDLZ,3
bba,MEL.F,1
bba,MKC,3
bba,MTSS.ME,1
bba,MUSA,3
bba,NEGG,1
bba,NTR,2
bba,NWO.F,4
bba,OCDDY,3
bba,OCDGF,3
bba,OCDO.L,3
bba,PAYA,1
bba,PAYO,4
bba,PCYG,3
bba,PEP,2
bba,PEP.F,2
bba,PTVE,3
bba,QRTEA,2
bba,QRTEB,2
bba,QRTEP,2
bba,REG,2
bba,RRC.F,4
bba,SBRY.L,3
bba,SCI,2
bba,SGRP,3
bba,SITC,3
bba,SIX,3.1
bba,SMIZF,1
bba,STON,1
bba,STRN,3
bba,STRNW,3
bba,SUY.F,3
bba,SUY1.F,3
bba,TGOPF,1
bba,TGOPY,1
bba,TGT,4
bba,TLYS,3
bba,UMG.AS,1
bba,UMGNF,1
bba,USER,1
bba,WWE,1
bba,XINXF,3
bba,XPEL,3
bba,YDX.F,1
bba,YNDX,1
bba,YNDX.ME,1
bba,YOU.F,4
irt,0HCT.L,3
irt,0HMZ.L,4
irt,0HQW.L,4
irt,0HRJ.L,4
irt,0HYE.L,4
irt,0IJR.L,3
irt,0J50.L,1
irt,0K11.L,3
irt,0KBI.L,4
irt,0MCJ.L,1
irt,0MCK.L,1
irt,0OAL.L,4
irt,0Q18.L,1
irt,0R2E.L,1
irt,2NN.F,4
irt,ACA,3
irt,AFG,4
irt,AHC.F,1
irt,AIG,4.5
irt,AINN.F,4.5
irt,ANFGF,3.7
irt,ANTO.L,3.7
irt,AY1.F,1
irt,BOIVF,4
irt,BOP.F,4
irt,BRH.F,5
irt,BRK-B,5
irt,BRYN.F,5
irt,CAT,1
irt,CAT1.F,1
irt,CCJ.F,4
irt,CEV,2
irt,CH1A.F,4
irt,CHRW,4
irt,CHV.F,1
irt,CINF,4
irt,CMAB.F,5
irt,CNI,3.5
irt,CP,3.5
irt,CSTM,1
irt,CSX,4
irt,CVX,3.2
irt,CXR.F,4
irt,ENLC,2
irt,EW1.F,2
irt,EXPD,3.3
irt,FG1.F,1
irt,FIP,4
irt,FSTR,4
irt,GATX,2.5
irt,GEL,2
irt,GLP,2
irt,HEP,2
irt,HES,2
irt,IMO,1
irt,JRVR,2
irt,KBX.F,1.5
irt,KBXA.F,1.5
irt,KNBHF,1.5
irt,KNRRY,1.5
irt,KNX,4.5
irt,LNT,1
irt,LOMA,2
irt,MATX,4
irt,MBI,5
irt,MDJH,4
irt,MPFRF,4
irt,MPFRY,4
irt,MPLX,1
irt,MURGY,4
irt,MUV2.F,4
irt,NGL,3.5
irt,NN.AS,4
irt,NNGPF,4
irt,NNGRY,4
irt,NSC,3
irt,ONYX,4
irt,ONYXU,4
irt,ORI,5
irt,PAA,3.5
irt,PBA,3
irt,PBF,2
irt,PBFX,2
irt,PSN,1
irt,RELIW,4
irt,RVSN,4
irt,RVSNW,4
irt,SAXPF,4.5
irt,SAXPY,4.5
irt,SCA.F,1
irt,SCA1.F,1
irt,SCABY,1
irt,SIE.F,4
irt,SIEB.F,4
irt,SIEGY,4
irt,SMAWF,4
irt,SMPA.F,3.5
irt,SNDR,4
irt,STN,4
irt,STRL,4
irt,SVCBF,4
irt,TREX,4
irt,TRN,4
irt,TT,3
irt,UHAL,1
irt,ULH,3
irt,UNP,3
irt,UNP.F,3
irt,USDP,1
irt,WAC.F,1
irt,WCN,1
irt,WERN,4
irt,WKRCF,1
irt,WR1.F,4
irt,WRB,4
irt,WTM,5
reb,0HLQ.L,1
reb,0JW2.L,5
reb,0L3I.L,1
reb,0R9K.L,5
reb,81R.F,2
reb,ACAX,5
reb,ACR,4
reb,ACRE,4
reb,AMAL,5
reb,AMNB,4
reb,ARI,4
reb,ASPS,4.5
reb,AX,4
reb,BEKE,5
reb,BK,4
reb,BN9.F,4
reb,BRSP,4
reb,BUSE,3
reb,CAC,2.7
reb,CBSH,2
reb,CIB,4.9
reb,CIGI,5
reb,CMC.F,2.8
reb,COMP,5
reb,COWN,2.5
reb,CZFS,4
reb,DDCCF,5
reb,DIC.F,5
reb,DOUG,5
reb,DUO,5
reb,DWD.F,4
reb,EFSC,3.7
reb,EFSCP,3.7
reb,EXPI,5
reb,FBRT,4.2
reb,FFIN,3
reb,FFWM,4
reb,FMBH,4.1
reb,FNB,3.7
reb,FNF,5
reb,FRC,4.1
reb,FRME,4
reb,FRMEP,4
reb,FTHM,5
reb,FUNC,4.5
reb,G24.F,5
reb,GABC,4
reb,GRNQ,5
reb,HOUS,5
reb,HWBK,4
reb,IOR,4
reb,ITCB,4
reb,IX,5
reb,JPM,4
reb,KKR,3
reb,KREF,3
reb,LADR,5
reb,LEJU,5
reb,LKFN,3.5
reb,LND,1
reb,LPLA,4.5
reb,MCBC,3
reb,MDJH,4
reb,MLP,5
reb,MMI,5
reb,MS,4
reb,MSBI,4
reb,MSBIP,4
reb,MTB,5
reb,MTN,5
reb,MTZ.F,4
reb,MURF,3.5
reb,NIC,3.5
reb,NNXXY,5
reb,NOAH,5
reb,NQ9.F,5
reb,NRO,3
reb,ONB,4
reb,ONBPO,4
reb,ONBPP,4
reb,ORRF,3.5
reb,OZ,4.8
reb,PBB.F,4
reb,PBBGF,4
reb,PBHC,3.5
reb,PEBK,5
reb,PEBO,5
reb,PFIS,4
reb,PGZ,2
reb,PW,4.7
reb,PWOD,4
reb,RBKB,4
reb,RDFN,5
reb,RDN,5
reb,REFI,4
reb,RMAX,5
reb,RVSB,4
reb,SBCF,4
reb,SBSI,4
reb,SCCTY,5
reb,SCHW,4
reb,SCOTF,5
reb,SLF,4
reb,SSB,3.5
reb,STBA,2
reb,SWG.F,4
reb,SYBT,4
reb,TBK,4
reb,TBKCP,4
reb,TCI,3
reb,TECTP,4
reb,TOWN,4.2
reb,TRMK,4
reb,TRTX,4.5
reb,UCBI,4
reb,UCBIO,4
reb,VABK,4
reb,WAFD,5
reb,WAFDP,5
reb,WD,4.6
reb,WSBC,4
reb,WSBCP,4
reb,XP,4
sev,0AAF.L,3.5
sev,0HOU.L,3.5
sev,0HTQ.L,3
sev,0R0E.L,5
sev,0YCP.L,5
sev,30L3.F,3
sev,8GM.F,5
sev,ALLG,3
sev,AMV,2.5
sev,AOGO,2.5
sev,AOGOU,2.5
sev,APTV,5
sev,AXL,3.5
sev,AYRO,3
sev,AZ,4
sev,B1C.F,5
sev,BAIDF,5
sev,BEEM,3.5
sev,BGW.F,4
sev,BIDU,5
sev,BOIVF,1
sev,BOP.F,1
sev,BRDS,3
sev,BWA,4
sev,CBAT,3.5
sev,CENN,3.5
sev,CO6.F,2
sev,CPRT,2
sev,CREG,1
sev,CVGI,3
sev,D7A.F,5
sev,DAN,3
sev,DCFC,3.5
sev,EH,5
sev,EVTL,3.5
sev,EVTV,3.5
sev,FFIE,3.5
sev,FSR,4
sev,FUV,3.7
sev,GGR,2.5
sev,GM,5
sev,GOEV,3.5
sev,GP,3.5
sev,GTEC,3.5
sev,GTX,2.5
sev,GTXAP,2.5
sev,HYLN,2.5
sev,IDEX,2
sev,JZXN,3.5
sev,KMX,3.5
sev,KNDI,3.5
sev,LCID,5
sev,LEA,4
sev,LEV,3.5
sev,LFUS,4
sev,MOBV,3.5
sev,MOBVU,3.5
sev,MOBVW,3.5
sev,MPAA,3
sev,MULN,3.7
sev,NAAS,2.5
sev,NEXNY,2.5
sev,NG.L,1
sev,NGG,1
sev,NGGTF,1
sev,NIO,5
sev,NIU,2.5
sev,NNGD.F,1
sev,NNGF.F,1
sev,NVVE,2
sev,NXPRF,2
sev,NXS.F,2
sev,NYAX,1
sev,OSK,3.5
sev,OTMO,3
sev,OTMOW,3
sev,PCTI,3
sev,PEV,3
sev,PNM,2.5
sev,PSNY,3.5
sev,PSNYW,3.5
sev,QS,2.5
sev,RIVN,3
sev,RMBL,3.5
sev,RMO,3
sev,RNL.F,4
sev,RNLSY,4
sev,RNSDF,4
sev,SEDG,3
sev,SES,3
sev,SHLS,3
sev,SIE.F,3
sev,SIEB.F,3
sev,SIEGY,3
sev,SKYX,2.5
sev,SLDP,2.5
sev,SLUNF,2.5
sev,SMAWF,3
sev,SOLO,3.5
sev,SRI,4
sev,TANH,2
sev,TL0.F,5
sev,TSLA,5
sev,TTM,5
sev,VLCN,2.5
sev,VLTA,2.5
sev,VTS.F,3.5
sev,VTSC.F,3.5
sev,VTSCY,3.5
sev,VVPR,3
sev,WBX,3
sev,WEBR,1
sev,WKHS,4
sev,XA4.F,3.4
sev,XL,3.5
sev,XOS,3.5
sev,XPEV,5
sev,ZEV,3.5
smcs,0A5S.L,1
smcs,0IIW.L,3
smcs,0IR9.L,1
smcs,0NIQ.L,1
smcs,3E2.F,3
smcs,ADEA,2.5
smcs,AKIC,3
smcs,AKICU,3
smcs,ANAC,3
smcs,ATA,3
smcs,ATTO,3
smcs,ATY,4
smcs,AVDX,3
smcs,BAC.F,3.5
smcs,BAOS,3
smcs,BLBX,5
smcs,BPAC,3
smcs,BTWN,3
smcs,BTWNU,3
smcs,BWC,2
smcs,BZFD,4.8
smcs,CHAA,3
smcs,CMCA,3
smcs,CMLS,4
smcs,CPAQ,3
smcs,CRZN,3
smcs,CRZNU,3
smcs,CSLM,3
smcs,CSLMU,3
smcs,DALN,2
smcs,DCBO,2
smcs,DLB,2.5
smcs,DNAB,3
smcs,DNAD,3
smcs,DRAY,3
smcs,DRAYU,3
smcs,DV,3.5
smcs,ETSY,3.5
smcs,FAZE,4
smcs,FAZEW,4
smcs,FB2A.F,3.8
smcs,FO8.F,1
smcs,FTNT,1
smcs,GEEX,3
smcs,GEEXU,3
smcs,GHC,3
smcs,GROM,5
smcs,GSMG,4.8
smcs,GSMGW,4.8
smcs,GSQB,3
smcs,GSQD,3
smcs,HAG.F,1
smcs,HAGHY,1
smcs,HNSDF,1
smcs,HZON,2.5
smcs,IAC,3.5
smcs,IBEX,5
smcs,IDAI,1
smcs,IEA.F,4.8
smcs,IFJPY,4.8
smcs,IFPJF,4.8
smcs,IGTA,3
smcs,IGTAU,3
smcs,IMAQ,3
smcs,IMAQU,3
smcs,INF.L,4.8
smcs,INOD,4.8
smcs,INUV,3
smcs,IPOD,3
smcs,IPOF,3
smcs,LGVC,3
smcs,LGVCU,3
smcs,LVLU,4
smcs,LVO,4
smcs,MCG,4.89
smcs,META,5
smcs,MOMO,5
smcs,MSDA,3
smcs,MSDAU,3
smcs,OHP.F,1
smcs,OHP0.F,1
smcs,OSTR,2
smcs,OSTRU,2
smcs,OUT,4
smcs,PBSFF,4.8
smcs,PBSFY,4.8
smcs,PSM.F,4.8
smcs,PSMMF,1
smcs,PSMMY,1
smcs,PSN.L,1
smcs,PWUP,3
smcs,PWUPU,3
smcs,PWUPW,3
smcs,QUOT,4.5
smcs,RNWK,5
smcs,SAGA,3
smcs,SAGAU,3
smcs,SPCM,3
smcs,SPCMU,3
smcs,SPCMW,3
smcs,SPK,3
smcs,SPT,5
smcs,SSAA,3
smcs,SSAAU,3
smcs,STGW,4
smcs,TAOP,3
smcs,TASK,3
smcs,TEKK,3
smcs,TEKKU,3
smcs,TME,5
smcs,TSQ,4.8
smcs,UTAA,3
smcs,VVNT,1
smcs,VZ,3.5
smcs,WB,5
smcs,WWE,3.5
smcs,XPER,3
smcs,YOTA,3
smcs,YOTAR,3
smcs,YOTAU,3
smcs,YVR,4
smcs,YY,5
sapus,0EDE.L,1
sapus,0HBQ.L,4
sapus,0HZD.L,2
sapus,0IL6.L,5
sapus,0K3H.L,5
sapus,0KGH.L,5
sapus,0KXM.L,5
sapus,0O86.L,4
sapus,0PY.F,5
sapus,0Y7S.L,1
sapus,ACON,5
sapus,ACONW,5
sapus,AFIB,5
sapus,AK3.F,5
sapus,AKAM,5
sapus,ALTR,5
sapus,AMSWA,5
sapus,API,4.9
sapus,APLE,2
sapus,ARVL,2
sapus,AUDC,4
sapus,AUUDW,5
sapus,AWRE,4.9
sapus,BAND,4.9
sapus,BLDP,2
sapus,BLZE,5
sapus,BOX,5
sapus,BRQS,4
sapus,CALX,5
sapus,CAMP,5
sapus,CDW,5
sapus,CDW.F,5
sapus,CEVA,5
sapus,CHKP,4
sapus,CHPT,4.5
sapus,CHY,1
sapus,CMCM,5
sapus,CPSI,5
sapus,CRU,5
sapus,CRUS,3
sapus,CYBR,5
sapus,DGWPF,2
sapus,DMRC,5
sapus,DPSI,5
sapus,DRW3.F,2
sapus,DT,5
sapus,ENFN,5
sapus,ENV,5
sapus,ERCA.F,4
sapus,ERCB.F,4
sapus,ERIC,4
sapus,ERIXF,4
sapus,ESTC,5
sapus,ETB,1
sapus,ETV,1
sapus,EVBG,5
sapus,EXTR,5
sapus,FARO,5
sapus,FFIV,4
sapus,FFV.F,4
sapus,FTCI,5
sapus,GAN,5
sapus,GIB,4
sapus,GMGI,5
sapus,GNSS,5
sapus,GSIT,2
sapus,GTLB,2
sapus,I2X2.F,2.5
sapus,IBM.F,2.5
sapus,IBM.L,2.5
sapus,ICGUF,1
sapus,ICP.L,1
sapus,IDCC,2
sapus,IDN,5
sapus,INVZ,3.8
sapus,IVDA,5
sapus,JCE,1
sapus,JCI,4
sapus,KARO,4
sapus,KLR,4
sapus,LIDR,4.2
sapus,MFGP,5
sapus,MGIC,4
sapus,MIMO,2
sapus,MKTW,5
sapus,MMU,1
sapus,MNDY,5
sapus,MOD,1
sapus,MSI,5
sapus,MTLA.F,5
sapus,MTSI,5
sapus,NATI,5
sapus,NEWR,5
sapus,NMFC,1
sapus,NOA3.F,5
sapus,NOAA.F,5
sapus,NOK,5
sapus,NOKBF,5
sapus,NSIT,5
sapus,NUV,1
sapus,NXP,1
sapus,NXPI,2
sapus,OCJ.F,5
sapus,OCLCF,5
sapus,OMQS,5
sapus,ONDS,5
sapus,ONTO,1
sapus,ORC.F,5
sapus,ORCL,5
sapus,OUST,4.8
sapus,PAYC,5
sapus,PCOR,5
sapus,PDCO,5
sapus,PEGA,5
sapus,PHUN,5
sapus,PMM,1
sapus,PRGS,5
sapus,PSTG,5
sapus,PTRA,5
sapus,PXLW,5
sapus,QCI.F,4
sapus,QCOM,4
sapus,QNGY,2.5
sapus,QUBT,2
sapus,RMBS,1
sapus,ROP,5
sapus,ROP.F,5
sapus,SCSC,4.8
sapus,SDGR,5
sapus,SFE,5
sapus,SFET,4
sapus,SMTC,3
sapus,SOW.F,4
sapus,SOWA.F,4
sapus,SQNS,1
sapus,SSNC,5
sapus,STWRY,5
sapus,SWDAF,5
sapus,SWI,5
sapus,TB5.F,5
sapus,TRMB,5
sapus,TRUE,4.5
sapus,TWLO,5
sapus,TYIA.F,4.8
sapus,UDIRF,4.7
sapus,UPLD,5
sapus,UTDI.F,3
sapus,VERB,5
sapus,VHC,5
sapus,VLDR,3
sapus,VNX.F,3
sapus,WIS.F,1
sapus,WNDLF,1
sapus,WSTG,5
sapus,Z,5
sapus,ZEN,5
sapus,ZG,5
ssp,0FJ8.L,4.5
ssp,0K9L.L,4
ssp,0OLF.L,4
ssp,0QQ2.L,4.5
ssp,7AA.F,4.5
ssp,ACE.F,4
ssp,ACE1.F,4
ssp,ACNT,4.5
ssp,AMSYF,4
ssp,ANIOY,4
ssp,AP,4
ssp,APAM.AS,4
ssp,APEMY,4
ssp,ARNC,4
ssp,ARRD.F,5
ssp,ARRJ.F,5
ssp,ARTW,4
ssp,ASPN,3
ssp,ASTL,3
ssp,ASTLW,3
ssp,ATI,4.5
ssp,BILL,1
ssp,BRH.F,2
ssp,BRK-B,2
ssp,BRYN.F,2
ssp,CCK,4
ssp,CHMF.ME,4.5
ssp,CIX,3.5
ssp,CLF,3.5
ssp,CMC,3
ssp,CNM,3.5
ssp,CPAC,4.5
ssp,CRS,3.5
ssp,DRTT,3.5
ssp,EME,3.7
ssp,FRD,4.5
ssp,FSTR,4
ssp,GBERF,3.5
ssp,GBERY,3.5
ssp,GBRA.F,3.5
ssp,GBRF.F,3.5
ssp,GGB,3.5
ssp,GIFI,4
ssp,GMS,3.5
ssp,GNLN,3
ssp,GSM,3.5
ssp,GWAV,3.5
ssp,HCC,3.5
ssp,HUDI,5
ssp,IIIN,3.5
ssp,KCO.F,4
ssp,KLKNF,4
ssp,LEG,2
ssp,LIVE,3.5
ssp,MLI,3.7
ssp,MRC,4.5
ssp,MT,4.5
ssp,MT.AS,5
ssp,N7MG.F,4.5
ssp,NINE,4.5
ssp,NL,4
ssp,NLMK.ME,4
ssp,NUE,3.7
ssp,NUO.F,3.7
ssp,NWPX,4.5
ssp,ONEM,1
ssp,OUTA.F,4.5
ssp,OUTFF,4.5
ssp,OUTKY,4.5
ssp,PKX,3.7
ssp,POET,3
ssp,PPIH,4.5
ssp,RES,3.5
ssp,RNGR,3
ssp,RS,3.7
ssp,RYI,3.7
ssp,S,1
ssp,SCHN,3.5
ssp,SID,3.7
ssp,SIM,3.7
ssp,SPLP,3.5
ssp,SSD,3.5
ssp,STCN,1
ssp,STLD,4.5
ssp,SVJTY,4.5
ssp,SZG.F,3.5
ssp,SZGA.F,3.5
ssp,SZGPY,3.5
ssp,TKA.F,3.5
ssp,TKA1.F,3.5
ssp,TKAMY,3.5
ssp,TMST,4.5
ssp,TS,4
ssp,TX,3.7
ssp,TYEKF,3.5
ssp,USAP,3.7
ssp,UU.L,1
ssp,UUEA.F,1
ssp,UUEC.F,1
ssp,UUGRY,1
ssp,VACD.F,4.5
ssp,VACE.F,4.5
ssp,VATE,3.6
ssp,VLOUF,4.5
ssp,VLOWY,4.5
ssp,WMS,4
ssp,WOR,3.7
ssp,X,3.7
ssp,ZEUS,4.5
ssp,ZKIN,4.5
ssp,ZWS,4
rtdv,0A0D.L,2
rtdv,0A4M.L,2
rtdv,0DUI.L,1
rtdv,0HJF.L,3
rtdv,0II2.L,1
rtdv,0K92.L,3
rtdv,0L3H.L,2
rtdv,0NIQ.L,1
rtdv,0YCP.L,3.5
rtdv,2U3.F,1
rtdv,AATC,1
rtdv,ACIW,2
rtdv,ACMR,3
rtdv,ADSK,3
rtdv,ALC,1
rtdv,ALF,4.5
rtdv,AMBA,4
rtdv,AMPL,1
rtdv,AMSC,1
rtdv,API,3
rtdv,APTV,4.5
rtdv,ARRY,1
rtdv,ATEC,4
rtdv,AUD.F,3
rtdv,AVCT,4
rtdv,AXON,1
rtdv,AXTI,4
rtdv,BLBX,1
rtdv,BLCO,1
rtdv,BRX,1
rtdv,BSGM,2
rtdv,BSL.F,5
rtdv,CAMT,4.5
rtdv,CFLT,3
rtdv,CGNX,3.5
rtdv,CLGN,3.7
rtdv,CODA,5
rtdv,CYBE,5
rtdv,CYN,4.5
rtdv,D7A.F,4.5
rtdv,DASTY,3.5
rtdv,DC4.F,1
rtdv,DDD,3
rtdv,DM,3
rtdv,DOMO,2
rtdv,DSY.F,3
rtdv,DTSS,4.5
rtdv,DUE.F,3
rtdv,DUOT,4.5
rtdv,DXCM,1
rtdv,EH,1
rtdv,EMBK,4.5
rtdv,ENFN,4
rtdv,ESLT,4
rtdv,EXPI,3
rtdv,EYE,1
rtdv,EYEN,1
rtdv,FNA,1
rtdv,FRSX,5
rtdv,GHSI,1
rtdv,GMVD,1
rtdv,GRAY,1
rtdv,HC5.F,1
rtdv,HDSN,3
rtdv,HRS.F,5
rtdv,IMAX,4.5
rtdv,INL.F,5
rtdv,INTC,5
rtdv,INVZ,5
rtdv,KC4.F,3
rtdv,KITT,4
rtdv,KITTW,4
rtdv,KNYJF,3
rtdv,KNYJY,3
rtdv,KOPN,5
rtdv,KSCP,5
rtdv,LHX,4.5
rtdv,LIDR,5
rtdv,LMT,3
rtdv,MGA,5
rtdv,MKFG,3
rtdv,MOB,1
rtdv,MTLS,3
rtdv,MTTR,3
rtdv,NATI,4
rtdv,NBR,2
rtdv,NICE,2.5
rtdv,NN,4
rtdv,NOC,3
rtdv,NOVT,5
rtdv,NOVVW,5
rtdv,NPCE,2
rtdv,NTH.F,3
rtdv,NVD.F,4
rtdv,NVDA,4
rtdv,NVDG.F,4
rtdv,OII,4
rtdv,OMQS,5
rtdv,ONVO,3
rtdv,OUST,5
rtdv,PACB,3
rtdv,PEAK,1
rtdv,PEN,3
rtdv,PMTA.F,3
rtdv,PTC,3
rtdv,PWFL,4
rtdv,QNGY,5
rtdv,RDWR,2
rtdv,RVSN,5
rtdv,RVSNW,5
rtdv,RXST,4
rtdv,SARTF,1
rtdv,SENS,1
rtdv,SIBN,2
rtdv,SOAGY,2
rtdv,SRT.F,2
rtdv,SRT3.F,2
rtdv,SRT4.F,2
rtdv,SSSGY,2
rtdv,SSYS,3
rtdv,SUVPF,2
rtdv,TB5.F,3
rtdv,TMDI,5
rtdv,TRMB,3
rtdv,TSP,5
rtdv,U,4
rtdv,UAVS,5
rtdv,VJET,5
rtdv,VLDR,5
rtdv,VMAR,4
rtdv,VRAR,3.5
rtdv,VRNT,2
rtdv,VSACW,4
rtdv,WEAV,2
mwwd,0HBQ.L,1
mwwd,0I47.L,5
mwwd,0JS2.L,4.8
mwwd,0QSH.L,4.8
mwwd,0QZ5.L,1
mwwd,0R0G.L,4.8
mwwd,0R18.L,4.8
mwwd,0RTC.L,4.8
mwwd,1FN.F,4.8
mwwd,AGTI,1
mwwd,AK3.F,1
mwwd,AKAM,1
mwwd,ALTG,4.8
mwwd,ASND,1
mwwd,ATGE,1
mwwd,ATIF,1
mwwd,AYRO,1
mwwd,BBY,4.8
mwwd,BEST,1
mwwd,BJ,4.5
mwwd,BOSC,1
mwwd,BUY.F,4.8
mwwd,COLD,4
mwwd,COST,5
mwwd,COZ.F,1
mwwd,CTO.F,5
mwwd,CTO0.F,5
mwwd,CTSH,1
mwwd,CVLG,1
mwwd,DADA,4
mwwd,DASH,3.5
mwwd,DAVA,3
mwwd,DBI,3
mwwd,DELHY,3.5
mwwd,DHER.F,3.5
mwwd,DLVHF,3.5
mwwd,DPSGY,1
mwwd,DSGX,1
mwwd,EGIO,3.5
mwwd,FARM,4.8
mwwd,FBC,1
mwwd,FFIV,1
mwwd,FLO,4
mwwd,FND,3
mwwd,FTFT,4.5
mwwd,FWRD,4
mwwd,GOEV,2
mwwd,GRAB,3.5
mwwd,GRRMF,4
mwwd,GRUPF,3
mwwd,GTEC,2
mwwd,GWH,1
mwwd,GXI.F,1
mwwd,HBNC,1
mwwd,HGTY,1
mwwd,HMSVF,3
mwwd,HSV.L,3
mwwd,ICHR,2
mwwd,IHT,1
mwwd,INDT,1
mwwd,IPDN,1
mwwd,IQ,4
mwwd,IRIX,3.5
mwwd,JOE,1
mwwd,KGX.F,4
mwwd,KGX1.F,4
mwwd,KIGRY,4
mwwd,KNNGF,4
mwwd,KOG.F,4.8
mwwd,KR,4.8
mwwd,KTF.F,4.8
mwwd,LITB,4.5
mwwd,MCG,5
mwwd,MDLZ,4.8
mwwd,MF,4.8
mwwd,ML,1
mwwd,MNRO,3
mwwd,MTP,3
mwwd,NFC.F,2
mwwd,NFC1.F,2
mwwd,NFLX,2
mwwd,NOGN,4.8
mwwd,OMF,1
mwwd,ONEM,4
mwwd,PEP,4.5
mwwd,PEP.F,4.5
mwwd,PSMT,5
mwwd,PZZA,4
mwwd,QTEK,1
mwwd,RAVE,3.5
mwwd,S4VC.F,1
mwwd,SCKT,3
mwwd,SEGXF,3
mwwd,SGRO.L,3
mwwd,SMMF,1
mwwd,SOVO,4.8
mwwd,SPWH,4
mwwd,SRNE,1
mwwd,SYM,3
mwwd,TFII,3
mwwd,TNL,3
mwwd,TOST,1
mwwd,TR,4.8
mwwd,UBER,4
mwwd,UCTT,4
mwwd,UNAM,1
mwwd,UNVR,2
mwwd,UP,3
mwwd,VBTX,1
mwwd,VRPX,1
mwwd,WAL,1
mwwd,WKHS,1
mwwd,WMT,5
mwwd,WMT.F,5
mwwd,WMTD.F,5
mwwd,WPC,4
mwwd,WRLD,3
mwwd,WTRH,3
mwwd,XHSB.F,3
mwwd,YELL,3
mwwd,YGMZ,3
mwwd,YQ,1
mwwd,ZEST,4.8
mwwd,ZTO,3
mwwd,ZVIA,4.5
